goods_name,goods_model,goods_price,goods_discount_price,goods_color,goods_size,goods_details,goods_images,goods_num,gender,goods_page,goods_url
Tiger leather cap,F955AC301L49.99A.TU,€175.00,€0,black,['all'],"['This cap gives your look a touch of chic style thanks to the neat leatherwork with a simple and smooth aspect. The iconic tiger, a KENZO symbol, stands out from the dark background creating a beautiful contrasting effect. This is an accessory that is somewhere between elegant and laidback style that will look sublime with any outfit.', 'Tiger leather cap.', 'Tiger embroidered on the front.', 'Adjustable back strap.', 'One size.', 'Smooth leather.', '100% calf skin.']","['https://www.kenzo.com/dw/image/v2/AAUH_PRD/on/demandware.static/-/Sites-kenzo-master/default/dw4a183f6f/F955AC301L49.99_P_01.jpg?sw=750&sh=1200', 'https://www.kenzo.com/dw/image/v2/AAUH_PRD/on/demandware.static/-/Sites-kenzo-master/default/dwce9a1190/F955AC301L49.99_P_02.jpg?sw=750&sh=1200', 'https://www.kenzo.com/dw/image/v2/AAUH_PRD/on/demandware.static/-/Sites-kenzo-master/default/dw8291d229/F955AC301L49.99_P_03.jpg?sw=750&sh=1200', 'https://www.kenzo.com/dw/image/v2/AAUH_PRD/on/demandware.static/-/Sites-kenzo-master/default/dw33cd9779/F955AC301L49.99A_H_01.jpg?sw=750&sh=1200', 'https://www.kenzo.com/dw/image/v2/AAUH_PRD/on/demandware.static/-/Sites-kenzo-master/default/dwb41179ed/F955AC301L49.99A_H_02.jpg?sw=750&sh=1200']",0,all,1,https://www.kenzo.com/eu/en/tiger-leather-cap/F955AC301L49.99A.TU.html?cgid=acc-hats-gloves-f-1
Neoprene Tiger cap,F855AC301F21.21.TU,€95.00,€0,medium red,['all'],"[""The KENZO Tiger, iconic to the brand, is brought to life with it's very first range of accessories, suitable for both men and women."", 'Neoprene cap with Tiger embroidery on the the front.', 'Adjustable hook-and-loop closure.', 'KENZO embroidery on the closure strap.', 'This model is unisex.', 'One size.', 'Adjustable strap in the back.', '75% rubber, 25% polyester.']","['https://www.kenzo.com/dw/image/v2/AAUH_PRD/on/demandware.static/-/Sites-kenzo-master/default/dw75544935/F855AC301F21.21_P_01.jpg?sw=750&sh=1200', 'https://www.kenzo.com/dw/image/v2/AAUH_PRD/on/demandware.static/-/Sites-kenzo-master/default/dw2d96d0cf/F855AC301F21.21_P_02.jpg?sw=750&sh=1200', 'https://www.kenzo.com/dw/image/v2/AAUH_PRD/on/demandware.static/-/Sites-kenzo-master/default/dwceaa1e4f/F855AC301F21.21_P_03.jpg?sw=750&sh=1200']",5,all,1,https://www.kenzo.com/eu/en/neoprene-tiger-cap/F855AC301F21.21.TU.html?cgid=acc-hats-gloves-f-1
Tiger Canvas Cap,F005AC301F20.99.TU,€85.00,€0,black,['all'],"['Adopt the bold and casual KENZO signature style with this canvas cap. It mischievously sports the emblematic Tiger on the front, whose bright colours make it the main part of the accessory. The adjustment tab is embroidered with KENZO logo letters that add a modern, urban touch to the it.', 'Tiger canvas cap.', 'Tiger embroidery on the front and KENZO logo on the adjustment tab on the back.', 'One size.', 'One size.', 'Adjustable strap in the back.', '72% polyester, 28% nylon.']","['https://www.kenzo.com/dw/image/v2/AAUH_PRD/on/demandware.static/-/Sites-kenzo-master/default/dw0301135f/F765AC301F20.99_P_01.jpg?sw=750&sh=1200', 'https://www.kenzo.com/dw/image/v2/AAUH_PRD/on/demandware.static/-/Sites-kenzo-master/default/dw562b046a/F765AC301F20.99_P_02.jpg?sw=750&sh=1200']",4,all,1,https://www.kenzo.com/eu/en/tiger-canvas-cap/F005AC301F20.99.TU.html?cgid=acc-hats-gloves-f-1
Canvas Tiger cap 'Exclusive Capsule',F955AC301FO2.99.TU,€95.00,€0,black,['all'],"['Complete your look with this limited-edition cap that has been designed without the iconic brand colouring. The emblematic Tiger head is embroidered on the front bringing all its character and originality. Wear it with a t-shirt and matching trousers for perfect style.', 'Canvas Tiger cap.', 'Embroidered Tiger on front and KENZO logo on the adjustable tab.', 'Shaped visor.', 'Adjustable back fastening.', 'One size', '72% polyester, 28% nylon.']","['https://www.kenzo.com/dw/image/v2/AAUH_PRD/on/demandware.static/-/Sites-kenzo-master/default/dw2182e4b6/F955AC301FO2.99_P_01.jpg?sw=750&sh=1200', 'https://www.kenzo.com/dw/image/v2/AAUH_PRD/on/demandware.static/-/Sites-kenzo-master/default/dwf0951950/F955AC301FO2.99_P_02.jpg?sw=750&sh=1200', 'https://www.kenzo.com/dw/image/v2/AAUH_PRD/on/demandware.static/-/Sites-kenzo-master/default/dw14ccee9a/F955AC301FO2.99_P_03.jpg?sw=750&sh=1200', 'https://www.kenzo.com/dw/image/v2/AAUH_PRD/on/demandware.static/-/Sites-kenzo-master/default/dw1ee6d383/F955AC301FO2.99_F_01.jpg?sw=750&sh=1200']",2,all,1,https://www.kenzo.com/eu/en/canvas-tiger-cap--exclusive-capsule-/F955AC301FO2.99.TU.html?cgid=acc-hats-gloves-f-1
Tiger Canvas Cap,F005AC301F20.76.TU,€85.00,€0,navy blue,['all'],"['Adopt the bold and casual KENZO signature style with this canvas cap. It mischievously sports the emblematic Tiger on the front, whose bright colours make it the main part of the accessory. The adjustment tab is embroidered with KENZO logo letters that add a modern, urban touch to the it.', 'Tiger canvas cap.', 'Tiger embroidery on the front and KENZO logo on the adjustment tab on the back.', 'One size.', 'One size.', 'Adjustable strap in the back.', '72% polyester, 28% nylon.']","['https://www.kenzo.com/dw/image/v2/AAUH_PRD/on/demandware.static/-/Sites-kenzo-master/default/dw3d266cad/F765AC301F20.76_P_01.jpg?sw=750&sh=1200', 'https://www.kenzo.com/dw/image/v2/AAUH_PRD/on/demandware.static/-/Sites-kenzo-master/default/dw7e3ddd33/F765AC301F20.76_P_02.jpg?sw=750&sh=1200']",3,all,1,https://www.kenzo.com/eu/en/tiger-canvas-cap/F005AC301F20.76.TU.html?cgid=acc-hats-gloves-f-1
Tiger neoprene cap,F955AC301F22.99.TU,€105.00,€0,black,['all'],"['This Tiger neoprene cap takes on sportswear codes with its material inspired by the world of diving and surfing. Its classic design is refreshed by the iconic Tiger in neon colours and tube embroidery, instantly brightening a chic, urban or streetwear look. This is strong charming piece that brings colour to any outfit.', 'Tiger neoprene cap.', 'Tube embroidered neon tiger.', 'KENZO logo on the back.', 'Adjustable Velcro strap.', 'One size.', '75% rubber, 25% polyester.']","['https://www.kenzo.com/dw/image/v2/AAUH_PRD/on/demandware.static/-/Sites-kenzo-master/default/dw0c75bb1c/F955AC301F22.99_P_01.jpg?sw=750&sh=1200', 'https://www.kenzo.com/dw/image/v2/AAUH_PRD/on/demandware.static/-/Sites-kenzo-master/default/dw9ea2705e/F955AC301F22.99_P_02.jpg?sw=750&sh=1200', 'https://www.kenzo.com/dw/image/v2/AAUH_PRD/on/demandware.static/-/Sites-kenzo-master/default/dw959a4cdf/F955AC301F22.99_P_03.jpg?sw=750&sh=1200', 'https://www.kenzo.com/dw/image/v2/AAUH_PRD/on/demandware.static/-/Sites-kenzo-master/default/dw681decb4/F955AC301F22.99_F_01.jpg?sw=750&sh=1200']",1,all,1,https://www.kenzo.com/eu/en/tiger-neoprene-cap/F955AC301F22.99.TU.html?cgid=acc-hats-gloves-f-1
'I ❤ KENZO Capsule' KENZO logo leather cap,F955AC500LO3.33.TU,€165.00,€0,pastel pink,['all'],"['KENZO once again shows its desire to spread a message of love and joy. This limited edition capsule collection is dedicated to Global Love Day and has new artwork: Eye Love KENZO highlighting the iconic Eye.', 'This KENZO logo cap seduces both women and men with its iconic logo. Easy to put on, it can be adjusted with a strap and press studs on the back. Wear it for any occasion to bring a touch of romance to a casual outfit.', ""'I ❤ KENZO Capsule' KENZO logo leather cap."", 'Embroidered contrasting KENZO logo on the front with heart-shaped O.', 'Adjustable strap on the back with metal press studs.', 'Unisex accessory.', '100% calf skin.']","['https://www.kenzo.com/dw/image/v2/AAUH_PRD/on/demandware.static/-/Sites-kenzo-master/default/dw3b04d80a/F955AC500LO3.33_P_01.jpg?sw=750&sh=1200', 'https://www.kenzo.com/dw/image/v2/AAUH_PRD/on/demandware.static/-/Sites-kenzo-master/default/dw3141f874/F955AC500LO3.33_P_02.jpg?sw=750&sh=1200', 'https://www.kenzo.com/dw/image/v2/AAUH_PRD/on/demandware.static/-/Sites-kenzo-master/default/dwf162bfdc/F955AC500LO3.33_P_03.jpg?sw=750&sh=1200', 'https://www.kenzo.com/dw/image/v2/AAUH_PRD/on/demandware.static/-/Sites-kenzo-master/default/dwae1a9a32/F955AC500LO3.33_F_01.jpg?sw=750&sh=1200']",12,all,1,https://www.kenzo.com/eu/en/-i-%E2%9D%A4-kenzo-capsule--kenzo-logo-leather-cap/F955AC500LO3.33.TU.html?cgid=acc-hats-gloves-f-1
Leather cap KENZO Paris,F855AC500L47.99.TU,€165.00,€0,black,['all'],"['This adjustable leather cap has an urban chic style. Wear it to accessorize your everyday outfits, to give them a casual feel.', 'Leather cap.', 'Adjustable strap at the back.', 'Black metal eyelets.', 'Silver metal press studs.', '100% calf skin.']","['https://www.kenzo.com/dw/image/v2/AAUH_PRD/on/demandware.static/-/Sites-kenzo-master/default/dwa1b63571/F855AC500L47.99_P_01.jpg?sw=750&sh=1200', 'https://www.kenzo.com/dw/image/v2/AAUH_PRD/on/demandware.static/-/Sites-kenzo-master/default/dw10dc56a0/F855AC500L47.99_P_02.jpg?sw=750&sh=1200', 'https://www.kenzo.com/dw/image/v2/AAUH_PRD/on/demandware.static/-/Sites-kenzo-master/default/dwea957261/F855AC500L47.99_H_01.jpg?sw=750&sh=1200']",11,all,1,https://www.kenzo.com/eu/en/leather-cap-kenzo-paris/F855AC500L47.99.TU.html?cgid=acc-hats-gloves-f-1
Leather cap KENZO Paris,F855AC500L47.70.TU,€165.00,€0,cobalt,['all'],"['This adjustable leather cap has an urban chic style. Wear it to accessorize your everyday outfits, to give them a casual feel.', 'Leather cap.', 'Adjustable strap at the back.', 'Black metal eyelets.', 'Silver metal press studs.', '100% calf skin.']","['https://www.kenzo.com/dw/image/v2/AAUH_PRD/on/demandware.static/-/Sites-kenzo-master/default/dw75869243/F855AC500L47.70_P_01.jpg?sw=750&sh=1200', 'https://www.kenzo.com/dw/image/v2/AAUH_PRD/on/demandware.static/-/Sites-kenzo-master/default/dw190ed998/F855AC500L47.70_P_02.jpg?sw=750&sh=1200', 'https://www.kenzo.com/dw/image/v2/AAUH_PRD/on/demandware.static/-/Sites-kenzo-master/default/dw7bc2f42d/F855AC500L47.70_P_03.jpg?sw=750&sh=1200', 'https://www.kenzo.com/dw/image/v2/AAUH_PRD/on/demandware.static/-/Sites-kenzo-master/default/dw083bbad7/F855AC500L47.70_H_01.jpg?sw=750&sh=1200', 'https://www.kenzo.com/dw/image/v2/AAUH_PRD/on/demandware.static/-/Sites-kenzo-master/default/dwbecb8e21/F855AC500L47.70_H_02.jpg?sw=750&sh=1200']",10,all,1,https://www.kenzo.com/eu/en/leather-cap-kenzo-paris/F855AC500L47.70.TU.html?cgid=acc-hats-gloves-f-1
Neoprene Tiger cap,F855AC301F21.76.TU,€95.00,€0,navy blue,['all'],"[""The KENZO Tiger, iconic to the brand, is brought to life with it's very first range of accessories, suitable for both men and women."", 'Neoprene cap with Tiger embroidery on the the front.', 'Adjustable hook-and-loop closure.', 'KENZO embroidery on the closure strap.', 'This model is unisex.', 'One size.', 'Adjustable strap in the back.', '75% rubber, 25% polyester.']","['https://www.kenzo.com/dw/image/v2/AAUH_PRD/on/demandware.static/-/Sites-kenzo-master/default/dw1dee3f85/F765AC301F21.76_P_01.jpg?sw=750&sh=1200', 'https://www.kenzo.com/dw/image/v2/AAUH_PRD/on/demandware.static/-/Sites-kenzo-master/default/dw587589fc/F765AC301F21.76_P_02.jpg?sw=750&sh=1200', 'https://www.kenzo.com/dw/image/v2/AAUH_PRD/on/demandware.static/-/Sites-kenzo-master/default/dw587589fc/F765AC301F21.76_P_03.jpg?sw=750&sh=1200']",6,all,1,https://www.kenzo.com/eu/en/neoprene-tiger-cap/F855AC301F21.76.TU.html?cgid=acc-hats-gloves-f-1
Tiger Canvas Cap,F855AC301F20.99B.TU,€85.00,€0,black,['all'],"['Adopt the bold and casual KENZO signature style with this canvas cap. It  mischievously sports the emblematic Tiger on the front, whose bright colours make it the main part of the accessory. The adjustment tab is embroidered with KENZO logo letters that add a modern, urban touch to the it.', 'Tiger canvas cap.', 'Tiger embroidery on the front and KENZO logo on the adjustment tab on the back.', 'One size.', 'One size.', 'Adjustable strap in the back.', '72% polyester, 28% nylon.']","['https://www.kenzo.com/dw/image/v2/AAUH_PRD/on/demandware.static/-/Sites-kenzo-master/default/dw115ff93a/F855AC301F20.99B_P_01.jpg?sw=750&sh=1200', 'https://www.kenzo.com/dw/image/v2/AAUH_PRD/on/demandware.static/-/Sites-kenzo-master/default/dw1cfdbdb9/F855AC301F20.99B_P_02.jpg?sw=750&sh=1200', 'https://www.kenzo.com/dw/image/v2/AAUH_PRD/on/demandware.static/-/Sites-kenzo-master/default/dw7078ff6b/F855AC301F20.99B_P_03.jpg?sw=750&sh=1200', 'https://www.kenzo.com/dw/image/v2/AAUH_PRD/on/demandware.static/-/Sites-kenzo-master/default/dw7e48d6ef/F855AC301F20.99B_H_01.jpg?sw=750&sh=1200', 'https://www.kenzo.com/dw/image/v2/AAUH_PRD/on/demandware.static/-/Sites-kenzo-master/default/dw7feea081/F855AC301F20.99B_H_02.jpg?sw=750&sh=1200', 'https://www.kenzo.com/dw/image/v2/AAUH_PRD/on/demandware.static/-/Sites-kenzo-master/default/dw97cae39d/F855AC301F20.99B_H_03.jpg?sw=750&sh=1200']",21,all,1,https://www.kenzo.com/eu/en/tiger-canvas-cap/F855AC301F20.99B.TU.html?cgid=acc-hats-gloves-f-1
Bicolore neoprene Tiger cap,F855AC301FN2.74.TU,€95.00,€0,french blue,['all'],"[""The KENZO Tiger, iconic to the brand, is brought to life with it's very first range of accessories, suitable for both men and women."", 'Neoprene cap with Tiger embroidery on the the front.', 'Adjustable hook-and-loop closure.', 'KENZO embroidery on the closure strap.', 'This model is unisex.', '75% rubber, 25% polyester.']","['https://www.kenzo.com/dw/image/v2/AAUH_PRD/on/demandware.static/-/Sites-kenzo-master/default/dw882c5c68/F855AC301FN2.74_P_01.jpg?sw=750&sh=1200', 'https://www.kenzo.com/dw/image/v2/AAUH_PRD/on/demandware.static/-/Sites-kenzo-master/default/dwa0ded4c1/F855AC301FN2.74_P_02.jpg?sw=750&sh=1200']",25,all,1,https://www.kenzo.com/eu/en/bicolore-neoprene-tiger-cap/F855AC301FN2.74.TU.html?cgid=acc-hats-gloves-f-1
Tiger Canvas Cap,F855AC301F20.21.TU,€85.00,€0,medium red,['all'],"['Adopt the bold and casual KENZO signature style with this canvas cap. It  mischievously sports the emblematic Tiger on the front, whose bright colours make it the main part of the accessory. The adjustment tab is embroidered with KENZO logo letters that add a modern, urban touch to the it.', 'Tiger canvas cap.', 'Tiger embroidery on the front and KENZO logo on the adjustment tab on the back.', 'One size.', 'One size.', 'Adjustable strap in the back.', '72% polyester, 28% nylon.']","['https://www.kenzo.com/dw/image/v2/AAUH_PRD/on/demandware.static/-/Sites-kenzo-master/default/dw33e60d22/F855AC301F20.21_P_01.jpg?sw=750&sh=1200', 'https://www.kenzo.com/dw/image/v2/AAUH_PRD/on/demandware.static/-/Sites-kenzo-master/default/dwe3672ce9/F855AC301F20.21_P_02.jpg?sw=750&sh=1200']",22,all,1,https://www.kenzo.com/eu/en/tiger-canvas-cap/F855AC301F20.21.TU.html?cgid=acc-hats-gloves-f-1
Multi Eye cap,F955AC201B29.99.TU,€115.00,€0,black,['all'],"['A reflection of bold fashion, this cap revisits the iconic Eye bringing its mystery to this creation. Its simple colour and sleek lines brilliantly highlight the patterns printed on the material that instantly add a twist to any outfit. Its rear tab makes it easy to adjust.', 'Multi Eye cap.', 'Leather visor.', 'Adjustable leather tab on the back with embossed KENZO logo.', 'One size.', '100% polyester.']","['https://www.kenzo.com/dw/image/v2/AAUH_PRD/on/demandware.static/-/Sites-kenzo-master/default/dwf76f96c2/F955AC201B29.99_P_01.jpg?sw=750&sh=1200', 'https://www.kenzo.com/dw/image/v2/AAUH_PRD/on/demandware.static/-/Sites-kenzo-master/default/dw3067d213/F955AC201B29.99_P_02.jpg?sw=750&sh=1200', 'https://www.kenzo.com/dw/image/v2/AAUH_PRD/on/demandware.static/-/Sites-kenzo-master/default/dwd266ea1f/F955AC201B29.99_P_03.jpg?sw=750&sh=1200', 'https://www.kenzo.com/dw/image/v2/AAUH_PRD/on/demandware.static/-/Sites-kenzo-master/default/dw73908ab7/F955AC201B29.99_H_01.jpg?sw=750&sh=1200', 'https://www.kenzo.com/dw/image/v2/AAUH_PRD/on/demandware.static/-/Sites-kenzo-master/default/dw60e6866f/F955AC201B29.99_H_02.jpg?sw=750&sh=1200']",9,all,1,https://www.kenzo.com/eu/en/multi-eye-cap/F955AC201B29.99.TU.html?cgid=acc-hats-gloves-f-1
Neoprene Tiger cap,F855AC301F21.99.TU,€95.00,€0,black,['all'],"[""The KENZO Tiger, iconic to the brand, is brought to life with it's very first range of accessories, suitable for both men and women."", 'Neoprene cap with Tiger embroidery on the the front.', 'Adjustable hook-and-loop closure.', 'KENZO embroidery on the closure strap.', 'This model is unisex.', 'One size.', 'Adjustable strap in the back.', '75% rubber, 25% polyester.']","['https://www.kenzo.com/dw/image/v2/AAUH_PRD/on/demandware.static/-/Sites-kenzo-master/default/dwfce919b8/F765AC301F21.99_P_01.jpg?sw=750&sh=1200', 'https://www.kenzo.com/dw/image/v2/AAUH_PRD/on/demandware.static/-/Sites-kenzo-master/default/dwbaf5b8e8/F765AC301F21.99_P_02.jpg?sw=750&sh=1200']",7,all,1,https://www.kenzo.com/eu/en/neoprene-tiger-cap/F855AC301F21.99.TU.html?cgid=acc-hats-gloves-f-1
Neoprene Tiger cap,F855AC301F21.23.TU,€95.00,€0,bordeaux,['all'],"[""The KENZO Tiger, iconic to the brand, is brought to life with it's very first range of accessories, suitable for both men and women."", 'Neoprene cap with Tiger embroidery on the the front.', 'Adjustable hook-and-loop closure.', 'KENZO embroidery on the closure strap.', 'This model is unisex.', 'One size.', 'Adjustable strap in the back.', '75% rubber, 25% polyester.']","['https://www.kenzo.com/dw/image/v2/AAUH_PRD/on/demandware.static/-/Sites-kenzo-master/default/dw5967507f/F855AC301F21.23_P_01.jpg?sw=750&sh=1200', 'https://www.kenzo.com/dw/image/v2/AAUH_PRD/on/demandware.static/-/Sites-kenzo-master/default/dw5c3b41fe/F855AC301F21.23_P_02.jpg?sw=750&sh=1200']",8,all,1,https://www.kenzo.com/eu/en/neoprene-tiger-cap/F855AC301F21.23.TU.html?cgid=acc-hats-gloves-f-1
Tiger Canvas Cap,F855AC301F20.74.TU,€85.00,€0,french blue,['all'],"['Adopt the bold and casual KENZO signature style with this canvas cap. It  mischievously sports the emblematic Tiger on the front, whose bright colours make it the main part of the accessory. The adjustment tab is embroidered with KENZO logo letters that add a modern, urban touch to the it.', 'Tiger canvas cap.', 'Tiger embroidery on the front and KENZO logo on the adjustment tab on the back.', 'One size.', 'One size.', 'Adjustable strap in the back.', '72% polyester, 28% nylon.']","['https://www.kenzo.com/dw/image/v2/AAUH_PRD/on/demandware.static/-/Sites-kenzo-master/default/dw7541d659/F855AC301F20.74_P_01.jpg?sw=750&sh=1200', 'https://www.kenzo.com/dw/image/v2/AAUH_PRD/on/demandware.static/-/Sites-kenzo-master/default/dw4633c6d7/F855AC301F20.74_P_02.jpg?sw=750&sh=1200', 'https://www.kenzo.com/dw/image/v2/AAUH_PRD/on/demandware.static/-/Sites-kenzo-master/default/dwc10adecd/F855AC301F20.74_P_03.jpg?sw=750&sh=1200']",23,all,1,https://www.kenzo.com/eu/en/tiger-canvas-cap/F855AC301F20.74.TU.html?cgid=acc-hats-gloves-f-1
Tiger Canvas Cap,F855AC301F20.76A.TU,€85.00,€0,navy blue,['all'],"['Adopt the bold and casual KENZO signature style with this canvas cap. It  mischievously sports the emblematic Tiger on the front, whose bright colours make it the main part of the accessory. The adjustment tab is embroidered with KENZO logo letters that add a modern, urban touch to the it.', 'Tiger canvas cap.', 'Tiger embroidery on the front and KENZO logo on the adjustment tab on the back.', 'One size.', 'One size.', 'Adjustable strap in the back.', '72% polyester, 28% nylon.']","['https://www.kenzo.com/dw/image/v2/AAUH_PRD/on/demandware.static/-/Sites-kenzo-master/default/dw50ce9cb9/F855AC301F20.76_P_01.jpg?sw=750&sh=1200', 'https://www.kenzo.com/dw/image/v2/AAUH_PRD/on/demandware.static/-/Sites-kenzo-master/default/dwfd7cb710/F855AC301F20.76_P_02.jpg?sw=750&sh=1200', 'https://www.kenzo.com/dw/image/v2/AAUH_PRD/on/demandware.static/-/Sites-kenzo-master/default/dwce0e44a8/F855AC301F20.76A_H_01.jpg?sw=750&sh=1200']",20,all,1,https://www.kenzo.com/eu/en/tiger-canvas-cap/F855AC301F20.76A.TU.html?cgid=acc-hats-gloves-f-1
KENZO Logo Cap,F855AC201F24.99.TU,€85.00,€0,black,['all'],"['This nylon cap is branded in KENZO style with the KENZO Paris logo printed over the whole cap, from the visor, all the way to the back, the word Paris is visible on the visor and on the left side. This is a sportswear style cap.', 'Nylon cap.', 'KENZO Paris logo printed all around the cap, from the visor, and all the way to the back, the word Paris is printed on the cap and on the left side.', 'Adjustable strap at the back.', 'Velcro adjustment system.', '100% nylon.']","['https://www.kenzo.com/dw/image/v2/AAUH_PRD/on/demandware.static/-/Sites-kenzo-master/default/dw40d8038e/F855AC201F24.99_P_01.jpg?sw=750&sh=1200', 'https://www.kenzo.com/dw/image/v2/AAUH_PRD/on/demandware.static/-/Sites-kenzo-master/default/dw50e86b3c/F855AC201F24.99_P_02.jpg?sw=750&sh=1200']",18,all,1,https://www.kenzo.com/eu/en/kenzo-logo-cap/F855AC201F24.99.TU.html?cgid=acc-hats-gloves-f-1
Tiger Canvas Cap,F855AC301F20.99A.TU,€85.00,€0,black,['all'],"['Adopt the bold and casual KENZO signature style with this canvas cap. It  mischievously sports the emblematic Tiger on the front, whose bright colours make it the main part of the accessory. The adjustment tab is embroidered with KENZO logo letters that add a modern, urban touch to the it.', 'Tiger canvas cap.', 'Tiger embroidery on the front and KENZO logo on the adjustment tab on the back.', 'One size.', 'One size.', 'Adjustable strap in the back.', '72% polyester, 28% nylon.']","['https://www.kenzo.com/dw/image/v2/AAUH_PRD/on/demandware.static/-/Sites-kenzo-master/default/dwc90bb342/F855AC301F20.99A_P_01.jpg?sw=750&sh=1200', 'https://www.kenzo.com/dw/image/v2/AAUH_PRD/on/demandware.static/-/Sites-kenzo-master/default/dwd6a95664/F855AC301F20.99A_P_02.jpg?sw=750&sh=1200', 'https://www.kenzo.com/dw/image/v2/AAUH_PRD/on/demandware.static/-/Sites-kenzo-master/default/dwe4d5bc94/F855AC301F20.99A_F_01.jpg?sw=750&sh=1200']",24,all,1,https://www.kenzo.com/eu/en/tiger-canvas-cap/F855AC301F20.99A.TU.html?cgid=acc-hats-gloves-f-1
KENZO Logo Cap,F855AC201F24.74.TU,€85.00,€0,french blue,['all'],"['This nylon cap is branded in KENZO style with the KENZO Paris logo printed over the whole cap, from the visor, all the way to the back, the word Paris is visible on the visor and on the left side. This is a sportswear style cap.', 'Nylon cap.', 'KENZO Paris logo printed all around the cap, from the visor, and all the way to the back, the word Paris is printed on the cap and on the left side.', 'Adjustable strap at the back.', 'Velcro adjustment system.', '100% nylon.']","['https://www.kenzo.com/dw/image/v2/AAUH_PRD/on/demandware.static/-/Sites-kenzo-master/default/dw91e4c8c4/F855AC201F24.74_P_01.jpg?sw=750&sh=1200', 'https://www.kenzo.com/dw/image/v2/AAUH_PRD/on/demandware.static/-/Sites-kenzo-master/default/dw232f5718/F855AC201F24.74_P_02.jpg?sw=750&sh=1200', 'https://www.kenzo.com/dw/image/v2/AAUH_PRD/on/demandware.static/-/Sites-kenzo-master/default/dw78762e3b/F855AC201F24.74_H_01.jpg?sw=750&sh=1200']",16,all,1,https://www.kenzo.com/eu/en/kenzo-logo-cap/F855AC201F24.74.TU.html?cgid=acc-hats-gloves-f-1
Tiger Canvas Cap,F855AC301F20.70.TU,€85.00,€0,cobalt,['all'],"['Adopt the bold and casual KENZO signature style with this canvas cap. It  mischievously sports the emblematic Tiger on the front, whose bright colours make it the main part of the accessory. The adjustment tab is embroidered with KENZO logo letters that add a modern, urban touch to the it.', 'Tiger canvas cap.', 'Tiger embroidery on the front and KENZO logo on the adjustment tab on the back.', 'One size.', 'One size.', 'Adjustable strap in the back.', '72% polyester, 28% nylon.']","['https://www.kenzo.com/dw/image/v2/AAUH_PRD/on/demandware.static/-/Sites-kenzo-master/default/dwebf1c6f5/F855AC301F20.70_P_01.jpg?sw=750&sh=1200', 'https://www.kenzo.com/dw/image/v2/AAUH_PRD/on/demandware.static/-/Sites-kenzo-master/default/dwede70de2/F855AC301F20.70_P_02.jpg?sw=750&sh=1200', 'https://www.kenzo.com/dw/image/v2/AAUH_PRD/on/demandware.static/-/Sites-kenzo-master/default/dwda505d47/F855AC301F20.70_F_01.jpg?sw=750&sh=1200', 'https://www.kenzo.com/dw/image/v2/AAUH_PRD/on/demandware.static/-/Sites-kenzo-master/default/dwbe6f116f/F855AC301F20.70_F_02.jpg?sw=750&sh=1200']",19,all,1,https://www.kenzo.com/eu/en/tiger-canvas-cap/F855AC301F20.70.TU.html?cgid=acc-hats-gloves-f-1
Neoprene 'Dragon Tiger' cap,F865AC301FN6.98.TU,€95.00,€0,anthracite,['all'],"['The KENZO Tige, gets a fresh new look with this version that takes inspiration from this season’s key patterns. Its iconic Tiger logo ventures into oriental territories, taking on a moustache in a nod to the Dragon, with the KENZO logo also inheriting the typical character of Asian movie posters.', ""Neoprene cap with 'Dragon Tiger' embroidery on the the front."", 'Adjustable hook-and-loop closure.', 'KENZO embroidery on the closure strap.', 'This model is unisex.', 'One size.', 'Adjustable strap in the back.', '75% rubber, 25% polyester.']","['https://www.kenzo.com/dw/image/v2/AAUH_PRD/on/demandware.static/-/Sites-kenzo-master/default/dw5ab3d15a/F865AC301FN6.98_P_01.jpg?sw=750&sh=1200', 'https://www.kenzo.com/dw/image/v2/AAUH_PRD/on/demandware.static/-/Sites-kenzo-master/default/dw063b777b/F865AC301FN6.98_P_02.jpg?sw=750&sh=1200', 'https://www.kenzo.com/dw/image/v2/AAUH_PRD/on/demandware.static/-/Sites-kenzo-master/default/dw08f63bab/F865AC301FN6.98_P_03.jpg?sw=750&sh=1200', 'https://www.kenzo.com/dw/image/v2/AAUH_PRD/on/demandware.static/-/Sites-kenzo-master/default/dw464d21a4/F865AC301FN6.98_F_01.jpg?sw=750&sh=1200']",13,all,1,https://www.kenzo.com/eu/en/neoprene--dragon-tiger--cap/F865AC301FN6.98.TU.html?cgid=acc-hats-gloves-f-1
KENZO Logo Cap,F855AC201F24.21.TU,€85.00,€0,medium red,['all'],"['This nylon cap is branded in KENZO style with the KENZO Paris logo printed over the whole cap, from the visor, all the way to the back, the word Paris is visible on the visor and on the left side. This is a sportswear style cap.', 'Nylon cap.', 'KENZO Paris logo printed all around the cap, from the visor, and all the way to the back, the word Paris is printed on the cap and on the left side.', 'Adjustable strap at the back.', 'Velcro adjustment system.', '100% nylon.']","['https://www.kenzo.com/dw/image/v2/AAUH_PRD/on/demandware.static/-/Sites-kenzo-master/default/dwbe17bd1d/F855AC201F24.21_P_01.jpg?sw=750&sh=1200', 'https://www.kenzo.com/dw/image/v2/AAUH_PRD/on/demandware.static/-/Sites-kenzo-master/default/dw3ac365de/F855AC201F24.21_P_02.jpg?sw=750&sh=1200']",15,all,1,https://www.kenzo.com/eu/en/kenzo-logo-cap/F855AC201F24.21.TU.html?cgid=acc-hats-gloves-f-1
'Running Tiger' baseball cap,F955AC600F15.23.TU,€95.00,€0,bordeaux,['all'],"['Our inspiration for the Memento collections: rediscovering and reinventing vintage KENZO pieces.', 'Each piece from our archives is unique and tells its own story. After almost 50 years of existence, KENZO is celebrating its heritage and its designer for this exclusive 4th collection.', ""The 'Running Tiger' baseball cap pairs perfectly with any look. It can easily be adjusted at the back, and adds a touch of character to everyday outfits."", ""'Running Tiger' baseball cap."", ""Embroidered 'Jumping Tiger' patch on front."", 'All-over print.', 'Contrasting topstitching.', 'One size.', '100% cotton.']","['https://www.kenzo.com/dw/image/v2/AAUH_PRD/on/demandware.static/-/Sites-kenzo-master/default/dw9bb6fd73/F955AC600F15.23_P_01.jpg?sw=750&sh=1200', 'https://www.kenzo.com/dw/image/v2/AAUH_PRD/on/demandware.static/-/Sites-kenzo-master/default/dweab54bba/F955AC600F15.23_P_02.jpg?sw=750&sh=1200', 'https://www.kenzo.com/dw/image/v2/AAUH_PRD/on/demandware.static/-/Sites-kenzo-master/default/dwc49e0557/F955AC600F15.23_H_01.jpg?sw=750&sh=1200']",14,all,1,https://www.kenzo.com/eu/en/-running-tiger--baseball-cap/F955AC600F15.23.TU.html?cgid=acc-hats-gloves-f-1
KENZO Logo Cap,F855AC201F24.76.TU,€85.00,€0,navy blue,['all'],"['This nylon cap is branded in KENZO style with the KENZO Paris logo printed over the whole cap, from the visor, all the way to the back, the word Paris is visible on the visor and on the left side. This is a sportswear style cap.', 'Nylon cap.', 'KENZO Paris logo printed all around the cap, from the visor, and all the way to the back, the word Paris is printed on the cap and on the left side.', 'Adjustable strap at the back.', 'Velcro adjustment system.', '100% nylon.']","['https://www.kenzo.com/dw/image/v2/AAUH_PRD/on/demandware.static/-/Sites-kenzo-master/default/dw92cd3c75/F855AC201F24.76_P_01.jpg?sw=750&sh=1200', 'https://www.kenzo.com/dw/image/v2/AAUH_PRD/on/demandware.static/-/Sites-kenzo-master/default/dw2f40d769/F855AC201F24.76_P_02.jpg?sw=750&sh=1200', 'https://www.kenzo.com/dw/image/v2/AAUH_PRD/on/demandware.static/-/Sites-kenzo-master/default/dwa29468f4/F855AC201F24.76_F_01.jpg?sw=750&sh=1200', 'https://www.kenzo.com/dw/image/v2/AAUH_PRD/on/demandware.static/-/Sites-kenzo-master/default/dwb55987f3/F855AC201F24.76_H_01.jpg?sw=750&sh=1200']",17,all,1,https://www.kenzo.com/eu/en/kenzo-logo-cap/F855AC201F24.76.TU.html?cgid=acc-hats-gloves-f-1
